"referenceId","Bodega","SKU","Entry ID","Fecha de entrada","Fecha de vencimiento","Inv Entra","Inv Vendido","Inv en Transito","Inv Dañado","Inv Destruido","Inv Donado","Inv Mercadeo","Inv Ajustado","Inv Disponible","Precio Unidad","Vence en","Días de Inv","En Bodega"
"525","Cuchareable Alpina ",Multiservicios Colombia,7702001053223,15,,0,,,,,,,,,2293,,,
"526","Mini Bony Chococan ",Quick,7702001104635,20,,0,,,,,,,,,3112,,,
"528","Bon Yurt Zucaritas (Paquete)",Quick,7702001100736,20,,0,,,,,,,,,3848,,,
"529","Yox Vainilla  ",Quick,7702001101467,20,,0,,,,,,,,,5105,,,
"533","Yox Vainilla Botella",Quick,7702001041947,20,,0,,,,,,,,,649,,,
"536"," Yox Multisabor ",Multiservicios Colombia,7702001043064,15,,0,,,,,,,,,7396,,,
"537","Finesse Frutos Rojos Vaso",Multiservicios Colombia,7702001041701,15,,0,,,,,,,,,995,,,
"538","Finesse Melocoton Vaso",Multiservicios Colombia,7702001041756,15,,0,,,,,,,,,995,,,
"540","Finesse Melocoton Botella",Multiservicios Colombia,7702001042746,15,,0,,,,,,,,,3939,,,
"543","Finesse Fresa Botella",Multiservicios Colombia,7702001042715,15,,0,,,,,,,,,6101,,,
"544","Finesse Frutos rojos Botella",Multiservicios Colombia,7702001042708,15,,0,,,,,,,,,6098,,,
"546","Kumis Botella ",Multiservicios Colombia,7702001048113,15,,0,,,,,,,,,3592,,,
"548","Kumis Bolsa",Quick,7702001047963,20,,0,,,,,,,,,2594,,,
"549","Yogurt Original Melocotón Botella",Multiservicios Colombia,7702001043941,15,,0,,,,,,,,,3592,,,
"565","Finesse Fresa Botella",Multiservicios Colombia,7702001042739,15,,0,,,,,,,,,3940,,,
"568","Yogurt Griego Natural Vaso ",Multiservicios Colombia,7702001055074,15,,0,,,,,,,,,1082,,,
"570","Yox Multisabor Botella ",Multiservicios Colombia,7702001101474,15,,0,,,,,,,,,5104,,,
"571","Yox Multifruta Botella",Multiservicios Colombia,7702001041961,15,,0,,,,,,,,,649,,,
"573","Finesse Fresa Vaso ",Multiservicios Colombia,7702001041749,15,,0,,,,,,,,,995,,,
"574","Yogurt Baby Manzana ",Multiservicios Colombia,7702001017324,15,,0,,,,,,,,,692,,,
"575","Yogurt Baby Durazno ",Multiservicios Colombia,7702001017348,15,,0,,,,,,,,,692,,,
"576","Yogurt Baby Natural ",Multiservicios Colombia,7702001017317,15,,0,,,,,,,,,692,,,
"580","Yogurt Baby Vainilla ",Multiservicios Colombia,7702001017300,15,,0,,,,,,,,,692,,,
"583","Yogurt Deslactosado Melocoton Botella",Quick,7702001041565,20,,0,,,,,,,,,3675,,,
"588","Yogurt Deslactosado Fresa Botella",Multiservicios Colombia,7702001041558,15,,0,,,,,,,,,3675,,,
"593","Bon Yurt Chocokrispi",Multiservicios Colombia,7702001086054,15,,0,,,,,,,,,1038,,,
"594","Bon Yurt de Choco Krispis",Quick,7702001100743,20,,0,,,,,,,,,3848,,,
"595","Regeneris Trozos Vaso ",Quick,7702001047000,20,,0,,,,,,,,,4067,,,
"597","Yog Baby Vainilla Con Cereal Rice Krispis ",Multiservicios Colombia,7702001018154,15,,0,,,,,,,,,779,,,
"600","Kumis Bolsa",Quick,7702001048106,20,,0,,,,,,,,,2119,,,
"601","Yogurt Original de Fresa en Botella",Multiservicios Colombia,7702001043934,15,,0,,,,,,,,,3592,,,
"603","Yogurt Griego Mora y Arándano ",Multiservicios Colombia,7702001055067,15,,0,,,,,,,,,1081,,,
"604","Yogurt Griego Fresa Vaso",Multiservicios Colombia,7702001055050,15,,0,,,,,,,,,1081,,,
"605","Yogurt Original Fresa Bolsa",Multiservicios Colombia,7702001047390,15,,0,,,,,,,,,1991,,,
"607","Yogurt Original Fresa Vaso  ",Multiservicios Colombia,7702001044115,15,,0,,,,,,,,,952,,,
"613","Bolsas Basura Task Papelera",Quick,780681080031-0,2,,0,,,,,,,,,2263,,,
"614","Bolsa Basura Task Minipapelera",Quick,770314717009-6,2,,0,,,,,,,,,2376,,,
"615","Bolsa  Basura Task Bio Residencial",Quick,780681080044-0,2,,0,,,,,,,,,2130,,,
"616","Bolsa Basura Task Bio Apartamento",Quick,780681080043-3,2,,0,,,,,,,,,1335,,,
"617","Guante Conveniente Task",Quick,780681000052-9,2,,0,,,,,,,,,1387,,,
"618","Guante Conveniente Task",Quick,780681000057-4,2,,0,,,,,,,,,1387,,,
"621","Esponja Platinum Task",Quick,780681000334-6,2,,0,,,,,,,,,790,,,
"623","Cepillo Sanitario Task C/Base",Quick,770314704704-6,2,,0,,,,,,,,,1899,,,
"657","All- Bran  Cosecha Frutal 360gr x14 ",Quick,7501008008188,2,,0,,,,,,,,,5212,,,
"881","Bon Yurt Zucaritas ",Multiservicios Colombia,7702001086023,15,,0,,,,,,,,,1038,,,
"886","Yogurt Griego Multisabor ",Multiservicios Colombia,7702001100989,15,,0,,,,,,,,,4320,,,
"887","Yogurt Deslactosado Melocoton Vaso",Quick,7702001041855,20,,0,,,,,,,,,995,,,
"891","Yogo Premio Mora Botella ",Quick,7702001047178,20,,0,,,,,,,,,951,,,
"897","Yogurt Original Mora Vaso ",Multiservicios Colombia,7702001044160,15,,0,,,,,,,,,951,,,
"902","Regeneris Fresa Botella ",Quick,7702001041985,20,,0,,,,,,,,,4024,,,
"903","Yogurt Griego Melocotón Vaso ",Multiservicios Colombia,7702001115204,15,,0,,,,,,,,,1379,,,
"904","Yogurt Griego Finesse Vaso",Multiservicios Colombia,7702001115181,15,,0,,,,,,,,,1379,,,
"905","Regeneris Pitaya Vaso",Multiservicios Colombia,7702001101573,15,,0,,,,,,,,,4373,,,
"906","Finesse ",Multiservicios Colombia,7702001062591,15,,0,,,,,,,,,4153,,,
"909","Yogurt Griego Maracuyá",Multiservicios Colombia,7702001103959,15,,0,,,,,,,,,1168,,,
"910","Yogurt Original Vaso ",Multiservicios Colombia,7702001050420,15,,0,,,,,,,,,3028,,,
"911","Yogo Multisabor Vaso",Quick,7702001047604,20,,0,,,,,,,,,1557,,,
"913","Yogurt Original Melocotón",Multiservicios Colombia,7702001046515,15,,0,,,,,,,,,5798,,,
"915","Yogurt Finesse Natural Botella",Quick,7702001042791,20,,0,,,,,,,,,3937,,,
"916","Yogurt Finesse Melocoton Botella",Multiservicios Colombia,7702001042722,15,,0,,,,,,,,,6101,,,
"917","Kumis Vaso",Multiservicios Colombia,7702001026951,15,,0,,,,,,,,,2596,,,
"928","Pan Mantequilla Guadalupe",Quick,7705326020505,2,,0,,,,,,,,,1538,,,
"934","Pan Integral Bimbo",Quick,7705326072535,2,,0,,,,,,,,,1615,,,
"1085","DeTodito Natural",Quick,7702189032515,2,,0,,,,,,,,,605,,,
"1312","Pringles Queso ",Quick,3800014170,2,,0,,,,,,,,,1829,,,
"1313","Pringles Sour Cream and Onion",Quick,3800014169,2,,0,,,,,,,,,1829,,,
"1314","Pringles Original ",Quick,3800014168,2,,0,,,,,,,,,1829,,,
"1338","Yogo Yogo  Mora ",Quick,7702001046416,20,,0,,,,,,,,,1688,,,
"1364","Compota Orgánica Manzana ",Quick,7702177019498,2,,0,,,,,,,,,1588,,,
"1365","Compota Orgánica Banano- Manzana ",Quick,7702177019474,2,,0,,,,,,,,,1588,,,
"1366","Leche de Almendras",Quick,7702177019245,2,,0,,,,,,,,,5160,,,
"1375","Pan Blanco Bimbo ",Quick,7705326074492,2,,0,,,,,,,,,1999,,,
"1384","Protector Duo Ajustable Kotex ",Quick,7702425630239,2,,0,,,,,,,,,4625,,,
"1390","Domo Segunda Selección Brownie",Quick,7705326078629,2,,0,,,,,,,,,2262,,,
"1392","Lenteja Maritza Corriente ",Quick,7707335280871,2,,0,,,,,,,,,2506,,,
"1393","Frijol Maritza Radical ",Quick,7707335280789,2,,0,,,,,,,,,2493,,,
"1394","Frijol Maritza Radical",Quick,7707335283452,2,,0,,,,,,,,,4918,,,
"1395","Arveja Maritza Verdeseca ",Quick,7707335280772,2,,0,,,,,,,,,876,,,
"1396","Avena en Hojuelas  la Abuela  ",Quick,7707287462653,2,,0,,,,,,,,,1173,,,
"1402","Avena en Hojuelas la Abuela",Quick,7707287462998,2,,0,,,,,,,,,2254,,,
"1405","Buñuelos Haz de Oros",Quick,7702020021340,2,,0,,,,,,,,,3782,,,
"1412","Enjuague Bucal Plax 500ml + otro de 250ml",Quick,7702010660276,2,,0,,,,,,,,,7794,,,
"1413","Lavaloza Axion Liquido Aloe",Quick,7509546076195,2,,0,,,,,,,,,4630,,,
"1414","Lavaloza Axion Liquido Avena",Quick,7509546076171,2,,0,,,,,,,,,4630,,,
"1415","Azucar  Mayaguez Blanco",Quick,7707007200459,2,,0,,,,,,,,,1857,,,
"1416","Azucar Mayaguez Natural",Quick,7707007200411,2,,0,,,,,,,,,1897,,,
"1417","Perfume de Té Verde y Aloe Vera",Quick,petg0120,17,,0,,,,,,,,,9100,,,
"1418","Shampoo Té Verde y Aloe Vera",Quick,petg0240,17,,0,,,,,,,,,11100,,,
"1420","Tableta Chocolate Blanco con Arandanos",Quick,7707316230406,2,,0,,,,,,,,,4202,,,
"1421","Tableta Chocolate 40% Cacaco + Leche ",Quick,7707316230505,2,,0,,,,,,,,,4202,,,
"1422","Tableta Chocolate 60% Cacaco ",Quick,7707316230529,2,,0,,,,,,,,,4202,,,
"1423","Coco recubierto de chocolate",Quick,7707316230253,2,,0,,,,,,,,,4202,,,
"1424","Lulo recubierto de chocolate",Quick,7707316230376,2,,0,,,,,,,,,4202,,,
"1425","Maracuyá recubierto de chocolate",Quick,7707216230186,2,,0,,,,,,,,,4202,,,
"1426","Al Natural Naranja",Quick,7702177019313,2,,0,,,,,,,,,2385,,,
"1427","Yogurt + M&M",Quick,7707331405537,2,,0,,,,,,,,,3678,,,
"1428","Avena Autentica ",Quick,7702177016466,2,,0,,,,,,,,,4242,,,
"1434","Yogueta Frutales ",Quick,7702174073431,2,,0,,,,,,,,,4508,,,
"1435","Play By Trolli Osos ",Quick,7702174075845,2,,0,,,,,,,,,7750,,,
"1436","Biagi Artesano Chocolate & Mani ",Quick,7702174076036,2,,0,,,,,,,,,2395,,,
"1437","Frunas Gomas Bombonera",Quick,7702174075763,2,,0,,,,,,,,,6807,,,
"1438","Frunas Gomas Cubo ",Quick,7702174076425,2,,0,,,,,,,,,7750,,,
"1439","Frunas Plana ",Quick,7702174076944,2,,0,,,,,,,,,3152,,,
"1440","Click Mints Masticables Bolsa",Quick,7702174076678,2,,0,,,,,,,,,2095,,,
"1441","Play Osos Rellenos Bombonera",Quick,7702174076647,2,,0,,,,,,,,,4979,,,
"1442","Leche Condensada",Quick,7702177019825,2,,0,,,,,,,,,3666,,,
"1444","Bebida De Coco Sabor Chocolate",Quick,74447391233,2,,0,,,,,,,,,3905,,,
"1450","Rizadas Mayonesa Promundial",Quick,7703133030649,2,,0,,,,,,,,,2805,,,
"1451","Rizadas Limon Promundial",Quick,7703133071079,2,,0,,,,,,,,,1540,,,
"1452","El Golpe Con Todo Ranchero Promundial",Quick,7703133087179,2,,0,,,,,,,,,1705,,,
"1454","Chocolate Twix Barra ",Quick,7707214460059,2,,0,,,,,,,,,1613,,,
"1455","Barquillo Pirulin Tarro",Quick,7591675010508,2,,0,,,,,,,,,6213,,,
"1456","Olivetto Freido ",Quick,7702109015055,2,,0,,,,,,,,,7364,,,
"1458","Espumadera Nylon New Line",Quick,7806810235006,2,,0,,,,,,,,,3361,,,
"1459","Servidor De Tallarines New Line",Quick,7806810235013,2,,0,,,,,,,,,3361,,,
"1460","Paleta Calada Nylon New Line",Quick,7806810235068,2,,0,,,,,,,,,3361,,,
"1461","Cuchara Lisa Nylon Ilko Desing",Quick,7806810235044,2,,0,,,,,,,,,3361,,,
"1462","Rebanador De Quesos Ilko Desing",Quick,7806810242028,2,,0,,,,,,,,,2857,,,
"1464","Prensa Ajos Con Base New Line",Quick,7806810245500,2,,0,,,,,,,,,6303,,,
"1465","Cuchara De Helados Ilko Desing",Quick,7806810240543,2,,0,,,,,,,,,2521,,,
"1466","Pincha Choclos Ilko Desing",Quick,7806810241342,2,,0,,,,,,,,,5042,,,
"1467","Jarro Ilko Clas Lechero Antiadh ",Quick,7806810239363,2,,0,,,,,,,,,11092,,,
"1468","Cuchillo Ilko  Chef ",Quick,7806810262033,2,,0,,,,,,,,,5630,,,
"1469","Cuchillo Ilko  Santoku ",Quick,7806810262026,2,,0,,,,,,,,,5630,,,
"1470","Tijeras Ilko Clas Inox Cocina Multiusos",Quick,7806810263023,2,,0,,,,,,,,,3361,,,
"1471","Sarten Ilko Dsgn Antiadherente",Quick,7806810239325,2,,0,,,,,,,,,17647,,,
"1472","Sarten Ilko Dsgn Antiadherente  ",Quick,7806810239332,2,,0,,,,,,,,,21849,,,
"1473","Molde Antiadherente Recta ",Quick,7806810202046,2,,0,,,,,,,,,5294,,,
"1474","Molde Antiadherente 6 Muffins Marble- Desing",Quick,7806810202015,2,,0,,,,,,,,,5462,,,
"1475","Molde Antiadherente Kuchen-Pizza  Marble- Desing",Quick,7806810202039,2,,0,,,,,,,,,5042,,,
"1476","Bandeja Galletas  Marble- Desing",Quick,7806810202053,2,,0,,,,,,,,,6723,,,
"1485","Doritos BBQ",Quick,7702189052957,2,,0,,,,,,,,,1345,,,
"1486","Bebidas con Pulpa de Fruta",Quick,7707273606648,2,,0,,,,,,,,,5250,,,
"1487","Arroz Orquidea Colombiana 5lb x 5",Quick,ORQUIDEA001,2,,0,,,,,,,,,29800,,,
"1488","Arroz Orquídea Colombiana 1lb x 25",Quick,ORQUIDEA002,2,,0,,,,,,,,,29800,,,
"1489","Arroz Orquidea Colombiana 10lb x 3",Quick,ORQUIDEA003,2,,0,,,,,,,,,12120,,,
"1491","Gaseosa Pool Cola",Quick,7709990654967,2,,0,,,,,,,,,479,,,
"1492","Gaseosa Pool Manzana",Quick,7709342033778,2,,0,,,,,,,,,479,,,
"1493","Gaseosa Pool Uva",Quick,7708984708716,2,,0,,,,,,,,,479,,,
"1494","Gaseosa Pool Colombia ",Quick,7709990654981,2,,0,,,,,,,,,479,,,
"1495","Gaseosa  Pool Naranja  ",Quick,7709836686213,2,,0,,,,,,,,,479,,,
"1496","Gaseosa Pool Limon",Quick,7709990654998,2,,0,,,,,,,,,479,,,
"1497","Gaseosa Pool Roja",Quick,7709990654929,2,,0,,,,,,,,,479,,,
"1498","Refresco Pool Salpicon ",Quick,7709990502046,2,,0,,,,,,,,,479,,,
"1503","Gaseosa Pool Cola",Quick,7709769790834,2,,0,,,,,,,,,838,,,
"1504","Gaseosa Pool Manzana",Quick,7709836686275,2,,0,,,,,,,,,838,,,
"1505","Gaseosa Pool Uva",Quick,7708984708747,2,,0,,,,,,,,,838,,,
"1506","Gaseosa Pool Colombia",Quick,7709769790827,2,,0,,,,,,,,,838,,,
"1507","Gaseosa Pool Naranja",Quick,7709342033730,2,,0,,,,,,,,,838,,,
"1508","Gaseosa Pool Limon",Quick,7709836686244,2,,0,,,,,,,,,838,,,
"1509","Gaseosa Pool Roja",Quick,7709836686282,2,,0,,,,,,,,,838,,,
"1512","Agua Pool Sin Gas",Quick,7708984708709,2,,0,,,,,,,,,376,,,
"1513","Agua Pool Con Gas",Quick,7709836686237,2,,0,,,,,,,,,376,,,
"1516","Hydratade Pool Tropical",Quick,7709117323660,2,,0,,,,,,,,,652,,,
"1517","Hydratade Pool Mandarina",Quick,7709117323639,2,,0,,,,,,,,,652,,,
"1518","Energy Pool",Quick,7709990654912,2,,0,,,,,,,,,625,,,
"1525","Almendra Sal",Quick,7702409010545,2,,0,,,,,,,,,2113,,,
"1526","Arandanos",Quick,7702409011740,2,,0,,,,,,,,,960,,,
"1527","SuperMix",Quick,7702409012228,2,,0,,,,,,,,,1184,,,
"1528","Mix Verano ",Quick,7702409012273,2,,0,,,,,,,,,936,,,
"1530","Mani Chocolate ",Quick,7702409011085,2,,0,,,,,,,,,1006,,,
"1531","Mani Pasas ",Quick,7702409000362,2,,0,,,,,,,,,870,,,
"1532","Mani Sal",Quick,7702409012020,2,,0,,,,,,,,,2191,,,
"1533","Mani Sal ",Quick,7702409000331,2,,0,,,,,,,,,795,,,
"1537","Olivetto Aceitunas",Quick,7702109013884,2,,0,,,,,,,,,2955,,,
"1538","Campi con Sal",Quick,7702109013099,2,,0,,,,,,,,,1878,,,
"1540","Colección Vasos ÁGUILA Mundiales Selección Colombia",Quick,7707358311682,2,,0,,,,,,,,,10000,,,
"1541","Aromatica Con Sobreenvoltura Surtida ",Quick,7702746030312,2,,0,,,,,,,,,1934,,,
"1542","Ice Tea Frutos Rojos Light",Quick,7702746066250,2,,0,,,,,,,,,3499,,,
"1543","Ice Tea Manzana Light ",Quick,7702746063051,2,,0,,,,,,,,,3499,,,
"1544","Infusion Frutal Frutos Rojos ",Quick,7702746090019,2,,0,,,,,,,,,3847,,,
"1545","Infusion Frutal Frutos Tropicales ",Quick,7702746090026,2,,0,,,,,,,,,3847,,,
"1546","Te Verde Original",Quick,7702746070011,2,,0,,,,,,,,,3848,,,
"1547","Te Verde Piña",Quick,7702746070042,2,,0,,,,,,,,,3848,,,
"1552","Babero Impermeable Cupcake",Quick,BAB0000000001,2,,0,,,,,,,,,8403,,,
"1553","Babero Impermeable Fuscia Puntos ",Quick,BAB0000000002,2,,0,,,,,,,,,8403,,,
"1554","Babero Impermeable Zig-Zag",Quick,BAB0000000003,2,,0,,,,,,,,,8403,,,
"1555","Babero Impermeable Vaqueros ",Quick,BAB0000000004,2,,0,,,,,,,,,8403,,,
"1556","Babero Impermeable Flores ",Quick,BAB0000000005,2,,0,,,,,,,,,8403,,,
"1557","Babero Imperial Robot ",Quick,BAB0000000006,2,,0,,,,,,,,,8403,,,
"1558","Babero Impermeable Mariposa ",Quick,BAB0000000007,2,,0,,,,,,,,,8403,,,
"1559","Banda Picnic Rosada ",Quick,BAN0000000001,2,,0,,,,,,,,,7563,,,
"1560","Banda Beige- Flores Blancas ",Quick,BAN0000000002,2,,0,,,,,,,,,7563,,,
"1561","Banda Azul Flores Blancas ",Quick,BAN0000000003,2,,0,,,,,,,,,7563,,,
"1562","Banda Rayas Moradas",Quick,BAN0000000004,2,,0,,,,,,,,,7563,,,
"1563","Banda Pepas Rosada ",Quick,BAN0000000005,2,,0,,,,,,,,,7563,,,
"1564","Banda Beige-Flores ",Quick,BAN0000000006,2,,0,,,,,,,,,7563,,,
"1565","Banda Naranja Flores Blancas ",Quick,BAN0000000007,2,,0,,,,,,,,,7563,,,
"1566","Banda Rosa Flores Blancas ",Quick,BAN0000000008,2,,0,,,,,,,,,7563,,,
"1567","Banda Azul- Café ",Quick,BAN0000000009,2,,0,,,,,,,,,7563,,,
"1568","Capa Lactancia Azul Flores",Quick,CAP0000000001,2,,0,,,,,,,,,16807,,,
"1569","Capa Azul Flores Naranja ",Quick,CAP0000000002,2,,0,,,,,,,,,16807,,,
"1570","Capa Fuscia-Flores Blancas",Quick,CAP0000000003,2,,0,,,,,,,,,16807,,,
"1571","Capa Blanca Flores Negras",Quick,CAP0000000004,2,,0,,,,,,,,,16807,,,
"1572","Capa  Morada Flores Fuscia",Quick,CAP0000000005,2,,0,,,,,,,,,16807,,,
"1573","Cambiador  Portatil Amarillo ",Quick,CAM0000000001,2,,0,,,,,,,,,12605,,,
"1574","Coche Metálico Super Sport ",Quick,282ROJO,2,,0,,,,,,,,,13445,,,
"1576","Anillos Formas Niña",Quick,GF00004,2,,0,,,,,,,,,7059,,,
"1583","Coche Metálico Super Sport Naranja",Quick,282NARANJA,2,,0,,,,,,,,,13445,,,
"1584","Coche Metálico Super Sport Blanco",Quick,282BLANCO,2,,0,,,,,,,,,13445,,,
"1585","Coche Metálico Super Sport Verde",Quick,282VERDE,2,,0,,,,,,,,,13445,,,
"1586","Coche Metálico Super Sport Amarillo",Quick,282AMARILLO,2,,0,,,,,,,,,13445,,,
"1587","Coche Metálico Sport lamborghini Azul",Quick,5401SAZUL,2,,0,,,,,,,,,10756,,,
"1588","Coche Metálico Sport lamborghini Verde",Quick,5401SVERDE,2,,0,,,,,,,,,10756,,,
"1589","Coche Metálico Sport lamborghini Gris",Quick,5401SGRIS,2,,0,,,,,,,,,10756,,,
"1590","Avión Metálico Air Express Azul",Quick,9010AZUL,2,,0,,,,,,,,,13782,,,
"1591","Avión Metálico Air Express Blanco",Quick,9010BLANCO,2,,0,,,,,,,,,13782,,,
"1592","Avión Metálico Air Express Rojo",Quick,9010ROJO,2,,0,,,,,,,,,13782,,,
"1593","Coche Metálico Super Sport KT54 Rojo",Quick,675ROJO,2,,0,,,,,,,,,10756,,,
"1597","Ballon Burbuja 18'' X1",Quick,PG00002,2,,0,,,,,,,,,2017,,,
"1598","Globo Metalizado estrella 12 puntas",Quick,PG00004,2,,0,,,,,,,,,3025,,,
"1600","Coche Plástico Formula Amarillo",Quick,2015AMARILLO,2,,0,,,,,,,,,7731,,,
"1601","Coche Plástico Formula Azul",Quick,2015AZUL,2,,0,,,,,,,,,7731,,,
"1602","Coche Plástico Formula Rojo",Quick,2015ROJO,2,,0,,,,,,,,,7731,,,
"1603","Coche plástico Race Rojo",Quick,2017ROJO,2,,0,,,,,,,,,8067,,,
"1604","Coche plástico Race Naranja",Quick,2017NARANJA,2,,0,,,,,,,,,8067,,,
"1605","Coche plástico Race Verde",Quick,2017VERDE,2,,0,,,,,,,,,8067,,,
"1606","Coche plástico Race Azul",Quick,2017AZUL,2,,0,,,,,,,,,8067,,,
"1607","Avión Plástico Speed Rojo",Quick,7709ROJO,2,,0,,,,,,,,,8403,,,
"1608","Avión Plástico Speed Azul",Quick,7709AZUL,2,,0,,,,,,,,,8403,,,
"1609","Coche plástico Transformable Verde",Quick,8102VERDE,2,,0,,,,,,,,,7059,,,
"1610","Coche Plástico Ambulancia ",Quick,7767BLANCO,2,,0,,,,,,,,,4034,,,
"1611","Coche Plástico Policia ",Quick,7767AZUL,2,,0,,,,,,,,,4034,,,
"1612"," Coche Plástico Bomberos ",Quick,7767ROJO,2,,0,,,,,,,,,4034,,,
"1616","Carrito plástico Fucsia",Quick,7773-6FUSCIA,2,,0,,,,,,,,,3529,,,
"1617","Carrito plástico morado",Quick,7773-6MORADO,2,,0,,,,,,,,,3529,,,
"1618","Coche Constructor luz y sonido volqueta",Quick,A6622VOLQUETA,2,,0,,,,,,,,,4538,,,
"1619","Coche Constructor luz y sonido mezcladora",Quick,A6622MEZCLADORA,2,,0,,,,,,,,,4538,,,
"1620","Coche Constructor luz y sonido retro escavadora",Quick,A6622RETRO,2,,0,,,,,,,,,4538,,,
"1621","Coche Constructor luz y sonido camion de basura",Quick,A6622BASURA,2,,0,,,,,,,,,4538,,,
"1622","Coche ambulancia luz y sonido",Quick,A5522B-12AM,2,,0,,,,,,,,,4538,,,
"1623","Coche Bomberos Escalera Luz y Sonido",Quick,A5522B-12BE,2,,0,,,,,,,,,4538,,,
"1624","Coche Bomberos Manguera Luz y Sonido",Quick,A5522B-12BM,2,,0,,,,,,,,,4538,,,
"1625","Esmalte Abu dhabi ",Quick,ES01,2,,0,,,,,,,,,1450,,,
"1626","esmalte amsterdam ",Quick,ES02,2,,0,,,,,,,,,1450,,,
"1627","esmalte atenas ",Quick,ES03,2,,0,,,,,,,,,1450,,,
"1628","esmalte atlanta ",Quick,ES05,2,,0,,,,,,,,,1450,,,
"1629","esmalte austin ",Quick,ES06,2,,0,,,,,,,,,1450,,,
"1630","esmalte aviles ",Quick,ES07,2,,0,,,,,,,,,1450,,,
"1631","Esmalte Barcelona ",Quick,ES08,2,,0,,,,,,,,,1450,,,
"1633","Esmalte Berlin ",Quick,ES10,2,,0,,,,,,,,,1450,,,
"1634","Esmalte Boston ",Quick,ES11,2,,0,,,,,,,,,1450,,,
"1635","Esmalte Brisbane",Quick,ES13,2,,0,,,,,,,,,1450,,,
"1636","Esmalte Bruselas ",Quick,ES14,2,,0,,,,,,,,,1450,,,
"1637","Esmalte Budapest ",Quick,ES15,2,,0,,,,,,,,,1450,,,
"1638","Esmalte California ",Quick,ES16,2,,0,,,,,,,,,1450,,,
"1640","Esmalte Cancun ",Quick,ES18,2,,0,,,,,,,,,1450,,,
"1641","Esmalte Chicago ",Quick,ES19,2,,0,,,,,,,,,1450,,,
"1642","Esmalte Cleveland",Quick,ES21,2,,0,,,,,,,,,1450,,,
"1643","Esmalte Curitiba",Quick,ES22,2,,0,,,,,,,,,1450,,,
"1644","Esmalte Dallas ",Quick,ES23,2,,0,,,,,,,,,1450,,,
"1645","Esmalte Denver ",Quick,ES25,2,,0,,,,,,,,,1450,,,
"1646","Esmalte Detroit",Quick,ES26,2,,0,,,,,,,,,1450,,,
"1647","Esmalte Dortmunt ",Quick,ES29,2,,0,,,,,,,,,1450,,,
"1648","Esmalte Dubai ",Quick,ES30,2,,0,,,,,,,,,1450,,,
"1649","Esmalte Estambul ",Quick,ES31,2,,0,,,,,,,,,1450,,,
"1650","Esmalte Estocolmo ",Quick,ES32,2,,0,,,,,,,,,1450,,,
"1651","Esmalte Filadelfia ",Quick,ES33,2,,0,,,,,,,,,1450,,,
"1652","Esmalte Frankfurt ",Quick,ES34,2,,0,,,,,,,,,1450,,,
"1653","Esmalte Ginebra",Quick,ES35,2,,0,,,,,,,,,1450,,,
"1654","Esmalte Hong-Kong ",Quick,ES36,2,,0,,,,,,,,,1450,,,
"1655","Esmalte Houston ",Quick,ES37,2,,0,,,,,,,,,1450,,,
"1656","Esmalte Ibiza ",Quick,ES38,2,,0,,,,,,,,,1450,,,
"1657","Esmalte Jerusalen ",Quick,ES39,2,,0,,,,,,,,,1450,,,
"1658","Esmalte Katmandu ",Quick,ES40,2,,0,,,,,,,,,1450,,,
"1659","Esmalte Leicester ",Quick,ES41,2,,0,,,,,,,,,1450,,,
"1660","esmalte Lisboa ",Quick,ES42,2,,0,,,,,,,,,1450,,,
"1661","Esmalte Liverpool ",Quick,ES43,2,,0,,,,,,,,,1450,,,
"1662","Esmalte Londres ",Quick,ES44,2,,0,,,,,,,,,1450,,,
"1663","Esmalte Madrid ",Quick,ES45,2,,0,,,,,,,,,1450,,,
"1664","Esmalte Manchester ",Quick,ES46,2,,0,,,,,,,,,1450,,,
"1665","Esmalte Marsella ",Quick,ES47,2,,0,,,,,,,,,1450,,,
"1666","Esmalte Melbourne ",Quick,ES48,2,,0,,,,,,,,,1450,,,
"1667","Esmalte Miami ",Quick,ES49,2,,0,,,,,,,,,1450,,,
"1668","Esmalte Milan",Quick,ES50,2,,0,,,,,,,,,1450,,,
"1669","Esmalte Montreal ",Quick,ES51,2,,0,,,,,,,,,1450,,,
"1670","Esmalte Moscu",Quick,ES52,2,,0,,,,,,,,,1450,,,
"1671","Esmalte Munich ",Quick,ES53,2,,0,,,,,,,,,1450,,,
"1672","Esmalte Nagasaki ",Quick,ES54,2,,0,,,,,,,,,1450,,,
"1673","Esmalte Nashville ",Quick,ES56,2,,0,,,,,,,,,1450,,,
"1674","Esmalte Newcastle ",Quick,ES58,2,,0,,,,,,,,,1450,,,
"1675","Esmalte Newyork ",Quick,ES59,2,,0,,,,,,,,,1450,,,
"1676","Esmalte Orlando",Quick,ES60,2,,0,,,,,,,,,1450,,,
"1677","Esmalte Oslo ",Quick,ES61,2,,0,,,,,,,,,1450,,,
"1678","Esmalte Ottawa ",Quick,ES62,2,,0,,,,,,,,,1450,,,
"1679","Esmalte Pamplona ",Quick,ES63,2,,0,,,,,,,,,1450,,,
"1680","Esmalte Paris ",Quick,ES64,2,,0,,,,,,,,,1450,,,
"1681","Esmalte Pekin ",Quick,ES65,2,,0,,,,,,,,,1450,,,
"1682","Esmalte Phoenix ",Quick,ES66,2,,0,,,,,,,,,1450,,,
"1683","Esmalte Pisa ",Quick,ES67,2,,0,,,,,,,,,1450,,,
"1684","Esmalte Portland ",Quick,ES68,2,,0,,,,,,,,,1450,,,
"1685","Esmalte Porto ",Quick,ES69,2,,0,,,,,,,,,1450,,,
"1686","Esmalte Roma ",Quick,ES70,2,,0,,,,,,,,,1450,,,
"1687","Esmalte Santiago ",Quick,ES72,2,,0,,,,,,,,,1450,,,
"1688","Esmalte Saopaulo ",Quick,ES73,2,,0,,,,,,,,,1450,,,
"1689","Esmalte Seul ",Quick,ES75,2,,0,,,,,,,,,1450,,,
"1690","Esmalte Sevilla ",Quick,ES77,2,,0,,,,,,,,,1450,,,
"1691","Esmalte Shanghai ",Quick,ES78,2,,0,,,,,,,,,1450,,,
"1692","Esmalte Sidney ",Quick,ES79,2,,0,,,,,,,,,1450,,,
"1693","Esmalte Singapur ",Quick,ES81,2,,0,,,,,,,,,1450,,,
"1694","Esmalte Taiwan",Quick,ES82,2,,0,,,,,,,,,1450,,,
"1695","Esmalte Tampa ",Quick,ES83,2,,0,,,,,,,,,1450,,,
"1696","Esmalte Tokio ",Quick,ES84,2,,0,,,,,,,,,1450,,,
"1704","Corona Rey Dorado",Quick,PC00001,2,,0,,,,,,,,,1513,,,
"1705","Corona Niña Feliz cumpleaños",Quick,PC00002,2,,0,,,,,,,,,1311,,,
"1706","Diadema Corona colores",Quick,PC00004,2,,0,,,,,,,,,1513,,,
"1707","Diadema Unicornio Arcoíris",Quick,PC00006,2,,0,,,,,,,,,3025,,,
"1708","sticker Neón Bandera Colombia",Quick,PD00001,2,,0,,,,,,,,,1513,,,
"1709","pelota Espuma Corazón Colombia ",Quick,PFD00033,2,,0,,,,,,,,,1176,,,
"1710","Pelota Espuma Carita Colombia ",Quick,PFD00034,2,,0,,,,,,,,,1176,,,
"1711","Llavero Espuma Pelota Caritas ",Quick,PFD00036,2,,0,,,,,,,,,941,,,
"1712","Gafas HL Party",Quick,PC00009,2,,0,,,,,,,,,2353,,,
"1713","Gafas niña Coneja",Quick,PC00013,2,,0,,,,,,,,,1681,,,
"1715","Coche plástico Transformable Amarillo",Quick,8102AMARILLO,2,,0,,,,,,,,,7059,,,
"1716","Coche plástico Transformable Rojo",Quick,8102ROJO,2,,0,,,,,,,,,7059,,,
"1717","Coche Plástico Policia  Luz y Sonido",Quick,A5522B-12P,2,,0,,,,,,,,,4034,,,
"1719","Sticker ojos neón",Quick,PD00016,2,,0,,,,,,,,,1513,,,
"1720","Popper 80cm",Quick,ST8380,2,,0,,,,,,,,,6387,,,
"1721","Popper 60cm NEW ",Quick,ST8360,2,,0,,,,,,,,,5042,,,
"1722","Llavero Espuma Pelota Colombia ",Quick,PFD00037,2,,0,,,,,,,,,941,,,
"1724","Sticker neón (EMOJI)",Quick,PD00004,2,,0,,,,,,,,,1513,,,
"1725","Camion  Ojitos Verde",Quick,2016-7VERDE,2,,0,,,,,,,,,6387,,,
"1726","Camion Ojitos Naranja",Quick,2016-7NARANJA,2,,0,,,,,,,,,6387,,,
"1727","Camion Ojitos Amarillo",Quick,2016-7AMARILLO,2,,0,,,,,,,,,6387,,,
"1729","Parlante Bluetooth Perro",Quick,BM6,2,,0,,,,,,,,,30252,,,
"1730","Parlante Bluetooth Ratón",Quick,BM7,2,,0,,,,,,,,,30252,,,
"1731","Parlante Bluetooth Gato",Quick,BM8,2,,0,,,,,,,,,30252,,,
"1732","Parlante Bluetooth Oso",Quick,BM9,2,,0,,,,,,,,,30252,,,
"1733","Cochito plástico Amarillo",Quick,7778-6AMARILLO,2,,0,,,,,,,,,3529,,,
"1734","Cochito plástico Azul",Quick,7778-6AZUL,2,,0,,,,,,,,,3529,,,
"1735","Cochito plástico Naranja",Quick,7778-6NARANJA,2,,0,,,,,,,,,3529,,,
"1736","Smirnoff X1 botella ",Quick,5410316951821,2,,0,,,,,,,,,16939,,,
"1737","Ron Santa Fe Añejo Botella",Quick,7702404001043,2,,0,,,,,,,,,15752,,,
"1738","Aguardiente Nectar Verde Sin Azucar",Quick,7702404005287,2,,0,,,,,,,,,16938,,,
"1740","Aguardiente Nectar Rojo Sin Azucar",Quick,7702404008042,2,,0,,,,,,,,,12183,,,
"1741","Aguardiente Antioqueño Sin Azucar Botella",Quick,7702049000531,2,,0,,,,,,,,,19004,,,
"1742","Ron Viejo De Caldas Botella",Quick,7702168217308,2,,0,,,,,,,,,20894,,,
"1744","Cervezas Tecate ",Quick,75002459,2,,0,,,,,,,,,1700,,,
"1745","Cerveza Corona Botella ",Quick,75032715,2,,0,,,,,,,,,3200,,,
"1746","Crema Antiedad Ojos",Quick,8809373460136,2,,0,,,,,,,,,32602,,,
"1748","Paño Limpiador Humectante",Quick,8809373460365,2,,0,,,,,,,,,12529,,,
"1750","Ancheta Farolito",Multiservicios Colombia,anch0001,16,,0,,,,,,,,,9280,,,
"1751","Ancheta Estrellita",Multiservicios Colombia,anch0002,16,,0,,,,,,,,,11798,,,
"1752","Ancheta Velita",Multiservicios Colombia,anch0003,16,,0,,,,,,,,,16902,,,
"1753","Ancheta Campanita",Multiservicios Colombia,anch0004,16,,0,,,,,,,,,21004,,,
"1754","Ancheta Pastorcita",Multiservicios Colombia,anch0005,16,,0,,,,,,,,,25529,,,
"1755","Ancheta Lucecita",Multiservicios Colombia,anch0006,16,,0,,,,,,,,,28461,,,
"1756","Ancheta Noche Buena",Multiservicios Colombia,anch0007,16,,0,,,,,,,,,38496,,,
"1757","Ancheta Trineo",Multiservicios Colombia,anch0008,16,,0,,,,,,,,,48174,,,
"1758","Ancheta Reyes Magos",Multiservicios Colombia,anch0009,16,,0,,,,,,,,,57500,,,
"1759","Ancheta familiar",Multiservicios Colombia,anch0010,16,,0,,,,,,,,,67115,,,
"1760","Matrimonio #1",Multiservicios Colombia,matr0001,16,,0,,,,,,,,,5135,,,
"1761","Matrimonio #2",Multiservicios Colombia,matr0002,16,,0,,,,,,,,,6054,,,
"1762","Matrimonio #3",Multiservicios Colombia,matr0003,16,,0,,,,,,,,,6981,,,
"1763","Matrimonio #4",Multiservicios Colombia,matr0004,16,,0,,,,,,,,,6981,,,
"1764","Matrimonio #5",Multiservicios Colombia,matr0005,16,,0,,,,,,,,,33023,,,
"1765","Matrimonio #6",Multiservicios Colombia,matr0006,16,,0,,,,,,,,,46008,,,
"1766","Matrimonio #7",Multiservicios Colombia,matr0007,16,,0,,,,,,,,,55000,,,
"1767","Matrimonio #8",Multiservicios Colombia,matr0008,16,,0,,,,,,,,,24000,,,
"1768","Combo navideño #1",Multiservicios Colombia,comb0001,16,,0,,,,,,,,,12000,,,
"1769","Combo navideño#2",Multiservicios Colombia,comb0002,16,,0,,,,,,,,,12000,,,
"1770","Combo navideño #3",Multiservicios Colombia,comb0003,16,,0,,,,,,,,,25000,,,
"1771","Combo navideño #4",Multiservicios Colombia,comb0004,16,,0,,,,,,,,,35000,,,
"1772","Camara Inalambrica Wifi Te Veo ",Quick,ciw001,2,,0,,,,,,,,,110924,,,
"1773","Alarma Inteligente con Wifi",Quick,aliw002,2,,0,,,,,,,,,126050,,,
"1774","Combo navideño #5",Multiservicios Colombia,comb0005,16,,0,,,,,,,,,35000,,,
"1775","Combo navideño #6",Multiservicios Colombia,comb0006,16,,0,,,,,,,,,45000,,,
"1776","Combo navideño #7",Multiservicios Colombia,comb0007,16,,0,,,,,,,,,45000,,,
"1777","Combo navideño #8",Multiservicios Colombia,comb0008,16,,0,,,,,,,,,28000,,,
"1778","Combo navideño #9",Multiservicios Colombia,comb0009,16,,0,,,,,,,,,47000,,,
"1779","Combo navideño #10",Multiservicios Colombia,comb0010,16,,0,,,,,,,,,50000,,,
"1780","Combo navideño #11",Multiservicios Colombia,comb0011,16,,0,,,,,,,,,38000,,,
"1781","Combo navideño #12",Multiservicios Colombia,comb0012,16,,0,,,,,,,,,45000,,,
"1782","Combo navideño #15",Multiservicios Colombia,comb0015,16,,0,,,,,,,,,28000,,,
"1783","Combo navideño #16",Multiservicios Colombia,comb0016,16,,0,,,,,,,,,35000,,,
"1784","Combo navideño #17",Multiservicios Colombia,comb0017,16,,0,,,,,,,,,38000,,,
"1785","Combo navideño #18",Multiservicios Colombia,comb0018,16,,0,,,,,,,,,25000,,,
"1786","Vestido para Vino",Multiservicios Colombia,vest0001,16,,0,,,,,,,,,6500,,,
"1787","Bolsa para vino en yute",Multiservicios Colombia,Bols0001,16,,0,,,,,,,,,8500,,,
"1788","Bolsa en yute",Multiservicios Colombia,Bols0002,16,,0,,,,,,,,,9500,,,
"1789","Cena de Paz",Alimentos La Cali,7707229493240,13,,0,,,,,,,,,14622,,,
"1790","Cena de Esperanza",Alimentos La Cali,7707229498986,13,,0,,,,,,,,,49916,,,
"1791","Costilla en salsa BBQ ",Alimentos La Cali,7707229493639,13,,0,,,,,,,,,25210,,,
"1792","Pavo Roma Tajado",Alimentos La Cali,7707229497316,13,,0,,,,,,,,,24202,,,
"1793","Pavo Roma ",Alimentos La Cali,7707229493295,13,,0,,,,,,,,,45883,,,
"1794","Pavo Pechuga Tajado",Alimentos La Cali,7707229497569,13,,0,,,,,,,,,18655,,,
"1795","Pernil de Cerdo Gourmet ",Alimentos La Cali,7707229493288,13,,0,,,,,,,,,28235,,,
"1796","Pernil de Cerdo",Alimentos La Cali,7707229498023,13,,0,,,,,,,,,25714,,,
"1797","Pollo Relleno",Alimentos La Cali,7707229492700,13,,0,,,,,,,,,21176,,,
"1798","Pernil Casero 2.5kg",Alimentos La Cali,7707229493394,13,,0,,,,,,,,,65546,,,
"1799","Pernil Casero 5kg",Alimentos La Cali,2955544000000,13,,0,,,,,,,,,129076,,,
"1800","Cafetera Negra",Newell,34264484740,3,,0,,,,,,,,,50000,,,
"1801","Cafetera Roja",Newell,34264484849,3,,0,,,,,,,,,50000,,,
"1802","Cafetera Switch",Newell,34264484641,3,,0,,,,,,,,,73109,,,
"1803","Cafetera Programable",Newell,34264484689,3,,0,,,,,,,,,88235,,,
"1804","Cafetera Programable ",Newell,34264440739,3,,0,,,,,,,,,107563,,,
"1805","Cafetera Gourmet Collection",Newell,34264458512,3,,0,,,,,,,,,215126,,,
"1806","Cafetera para Espresso y Capuccino",Newell,34264448315,3,,0,,,,,,,,,122689,,,
"1807","Prima latte 15 bar -Plateada-",Newell,34264448254,3,,0,,,,,,,,,360504,,,
"1809","Prima latte 15 bar -Roja-",Newell,34264453890,3,,0,,,,,,,,,360504,,,
"1810","Prima latte 19 bar -Roja-",Newell,34264489059,3,,0,,,,,,,,,559664,,,
"1811","Exprimidor cítricos",Newell,34264473805,3,,0,,,,,,,,,44118,,,
"1812","Exprimidor  75 w",Newell,34264451209,3,,0,,,,,,,,,73950,,,
"1813","Extractor 400 w",Newell,34264424876,3,,0,,,,,,,,,106303,,,
"1814","Extractor 450 w",Newell,34264421400,3,,0,,,,,,,,,157143,,,
"1815","Extractor 600 w ",Newell,34264421455,3,,0,,,,,,,,,173950,,,
"1816","Extractor de Jugo Extra Large Gris",Newell,34264471221,3,,0,,,,,,,,,228571,,,
"1817","Extractor de Jugo Extra Large Rojo",Newell,34264471153,3,,0,,,,,,,,,228571,,,
"1818","Juice Extractor 3 in 1 XXL Stainless Steel",Newell,34264471177,3,,0,,,,,,,,,436975,,,
"1819","XXL Juice Extractor with Auto Clean, Stainless Steel",Newell,34264471146,3,,0,,,,,,,,,326891,,,
"1820","XXL Juice Extractor with Auto Clean, Candy Apple Red",Newell,34264471542,3,,0,,,,,,,,,326891,,,
"1821","Batidora Manual ",Newell,34264427884,3,,0,,,,,,,,,55042,,,
"1822","Batidora de Mano y de Pedestal",Newell,34264462465,3,,0,,,,,,,,,114286,,,
"1823","Horno Tostador Negro",Newell,34264438279,10,,0,,,,,,,,,84874,,,
"1824","Horno Tostador Cromado",Newell,34264451575,10,,0,,,,,,,,,97479,,,
"1825","Horno Tostador Cromado ",Newell,34264466104,10,,0,,,,,,,,,90756,,,
"1826","Horno Tostador Cromado ",Newell,34264474895,10,,0,,,,,,,,,161345,,,
"1827","Horno Tostador Gourmet collection",Newell,34264452541,10,,0,,,,,,,,,233613,,,
"1828","Horno French Style ",Newell,34264477582,10,,0,,,,,,,,,379832,,,
"1829","Batidora Planetaria",Newell,34264464124,10,,0,,,,,,,,,470588,,,
"1830","Batidora Inmersión con Picatodo",Newell,34264411883,10,,0,,,,,,,,,63445,,,
"1831","Batidora Inmersión",Newell,34264467101,10,,0,,,,,,,,,110504,,,
"1832","Batidora inmersion 4 en 1, vel ajustable Negra",Newell,34264469440,10,,0,,,,,,,,,147059,,,
"1833","Batidora inmersion 4 en 1, vel ajustable Roja",Newell,34264469402,10,,0,,,,,,,,,147059,,,
"1834","Batidora Fuente de Soda Roja",Newell,34264485556,4,,0,,,,,,,,,347899,,,
"1835","Picatodo Rojo Oster",Newell,34264455528,4,,0,,,,,,,,,63445,,,
"1836","Picatodo",Newell,34264426276,4,,0,,,,,,,,,58403,,,
"1837","Mini Picatodo  Negro",Newell,34264475229,4,,0,,,,,,,,,34874,,,
"1838","Tostadora Paredes Frias Gourmet Colection",Newell,34264458796,4,,0,,,,,,,,,90756,,,
"1839","Sanduchera Compacta Blanca",Newell,34264480964,4,,0,,,,,,,,,52101,,,
"1840","Sanduchera Compacta Roja",Newell,34264480995,4,,0,,,,,,,,,52101,,,
"1841","Sandwichera Compacta",Newell,34264467026,4,,0,,,,,,,,,37395,,,
"1842","Sandwichera Negra",Newell,34264408487,4,,0,,,,,,,,,58403,,,
"1843","Panini Grill Compacta",Newell,34264464445,4,,0,,,,,,,,,76471,,,
"1844","Panini Grill 4 rebanadas",Newell,34264430303,4,,0,,,,,,,,,125210,,,
"1845","Plancha Sandwichera 3 en 1",Newell,34264061613,4,,0,,,,,,,,,109244,,,
"1846","Plancha Sadwichera",Newell,34264465091,4,,0,,,,,,,,,134454,,,
"1847","Plancha multiuso Instant Gourmet",Newell,34264468344,4,,0,,,,,,,,,57563,,,
"1848","Parrilla para interiores Bioceramic",Newell,34264465053,4,,0,,,,,,,,,109664,,,
"1849","Arrocera Multiusos Gris",Newell,34264476264,4,,0,,,,,,,,,39916,,,
"1850","Arrocera Multiusos Gris ",Newell,34264446564,4,,0,,,,,,,,,45798,,,
"1851","Arrocera Multiusos Roja ",Newell,34264421202,4,,0,,,,,,,,,45798,,,
"1852","Arrocera Multiusos Negra",Newell,34264453418,4,,0,,,,,,,,,48319,,,
"1853","Arrocera blanca ",Newell,34264488014,4,,0,,,,,,,,,56723,,,
"1854","Arrocera Negra",Newell,34264487987,4,,0,,,,,,,,,56723,,,
"1855","Arrocera Multiusos ",Newell,34264428041,4,,0,,,,,,,,,79832,,,
"1856","Arrocera Multiusos Funcion Sofrito",Newell,34264427983,4,,0,,,,,,,,,89076,,,
"1857","Arrocera Multiusos",Newell,34264428010,4,,0,,,,,,,,,100840,,,
"1858","Arrocera Multiusos",Newell,34264416055,4,,0,,,,,,,,,79832,,,
"1859","Arrocera Multiusos Kiwi",Newell,34264472983,4,,0,,,,,,,,,89076,,,
"1860","Arrocera Multiusos vaporera Sandia",Newell,34264473041,4,,0,,,,,,,,,89076,,,
"1861","Arrocera Multiusos  ",Newell,34264473034,4,,0,,,,,,,,,89076,,,
"1862","Arrocera Multiusos Negra ",Newell,34264427976,4,,0,,,,,,,,,65966,,,
"1863","Arrocera Multiusos Roja",Newell,34264450783,4,,0,,,,,,,,,62605,,,
"1864","Arrocera Multifunción ",Newell,34264461314,4,,0,,,,,,,,,141176,,,
"1865","Olla Multiusos Negra",Newell,34264475151,4,,0,,,,,,,,,206723,,,
"1866","Olla Multiusos Roja",Newell,34264482982,4,,0,,,,,,,,,206723,,,
"1867","Licuadora Cromada",Newell,34264408654,4,,0,,,,,,,,,132773,,,
"1868","Licuadora Cromada",Newell,34264487857,4,,0,,,,,,,,,132773,,,
"1869","Licuadora Profesional",Newell,34264420335,4,,0,,,,,,,,,147059,,,
"1870","Licuadora Reversible Negra",Newell,34264420809,4,,0,,,,,,,,,165546,,,
"1871","Licuadora Reversible Roja",Newell,34264452268,4,,0,,,,,,,,,165546,,,
"1872","Licuadora Reversible Gris",Newell,34264429291,4,,0,,,,,,,,,165546,,,
"1873","Licuadora Reversible Gourmet Collection",Newell,34264459052,4,,0,,,,,,,,,195798,,,
"1874","Licuadora ",Newell,34264411135,4,,0,,,,,,,,,86555,,,
"1875","Licuadora Negra ",Newell,34264424166,4,,0,,,,,,,,,89076,,,
"1876","Licuadora Monterrey Roja",Newell,34264450127,4,,0,,,,,,,,,79832,,,
"1877","Licuadora Monterrey Sandía",Newell,34264452237,4,,0,,,,,,,,,79832,,,
"1878","Licuadora Monterrey Azul",Newell,34264452190,4,,0,,,,,,,,,79832,,,
"1879","Licuadora Blanca",Newell,34264477902,4,,0,,,,,,,,,115126,,,
"1880","Licuadora Roja",Newell,34264477926,4,,0,,,,,,,,,115126,,,
"1881","Licuadora Azul",Newell,34264477940,4,,0,,,,,,,,,115126,,,
"1882","Licuadora Rojo manzana",Newell,34264483125,4,,0,,,,,,,,,131933,,,
"1883","Licuadora Negra",Newell,34264483163,4,,0,,,,,,,,,131933,,,
"1884","Licuadora Rojo manzana",Newell,34264484054,4,,0,,,,,,,,,152101,,,
"1885","Licuadora Negra",Newell,34264484184,4,,0,,,,,,,,,152101,,,
"1886","Licuadora Monterrey Kiwi",Newell,34264446007,4,,0,,,,,,,,,66387,,,
"1887","Licuadora Monterrey Naranja",Newell,34264445987,4,,0,,,,,,,,,66387,,,
"1888","Licuadora Monterrey azul",Newell,34264445994,4,,0,,,,,,,,,66387,,,
"1889","Licuadora Monterrey Sandía",Newell,34264446014,4,,0,,,,,,,,,66387,,,
"1890","Licuadora Xpert 2 caballos de fuerza",Newell,34264469693,4,,0,,,,,,,,,326891,,,
"1891","Licuadora Xpert Pro",Newell,34264473546,4,,0,,,,,,,,,556303,,,
"1892","Licuadora Xpert Metalica",Newell,34264489530,4,,0,,,,,,,,,270588,,,
"1893","Sistema de Empaque al Vacio",Newell,53891104111,4,,0,,,,,,,,,326891,,,
"1894","Plancha Violeta",Newell,34264481886,4,,0,,,,,,,,,25630,,,
"1895","Plancha Roja",Newell,34264481930,4,,0,,,,,,,,,25630,,,
"1896","Plancha Turquesa",Newell,34264481923,4,,0,,,,,,,,,25630,,,
"1897","Plancha Negra",Newell,34264481893,4,,0,,,,,,,,,25630,,,
"1898","Plancha Aqua",Newell,34264481947,4,,0,,,,,,,,,25630,,,
"1899","Plancha Rosada",Newell,34264481909,4,,0,,,,,,,,,25630,,,
"1900","Plancha Con vapor",Newell,34264439627,4,,0,,,,,,,,,38655,,,
"1901","Plancha Vapor ",Newell,34264439511,4,,0,,,,,,,,,43277,,,
"1902","Plancha",Newell,34264463950,4,,0,,,,,,,,,46639,,,
"1903","Plancha Doble Vapor",Newell,34264463981,4,,0,,,,,,,,,48319,,,
"1904","Plancha Vapor Base Ceramica",Newell,34264464018,4,,0,,,,,,,,,54202,,,
"1905","Plancha Base Antiadherente ",Newell,34264448544,4,,0,,,,,,,,,64286,,,
"1906","Plancha Base Acero Inoxidable",Newell,34264448599,4,,0,,,,,,,,,68908,,,
"1907","Plancha Roja Nueva Tecnológica ",Newell,34264469167,4,,0,,,,,,,,,65966,,,
"1908","Plancha Violeta  Nueva tecnología ",Newell,34264469280,4,,0,,,,,,,,,78992,,,
"1909","Plancha Vapor Suela Ceramica Nueva tecnologia Café",Newell,34264469259,4,,0,,,,,,,,,78992,,,
"1910","Plancha Tecnologia Avanzada",Newell,34264473195,4,,0,,,,,,,,,110924,,,
"1911","Plancha Vapor Suela Ceramica Nueva",Newell,34264490338,4,,0,,,,,,,,,32773,,,
"1912","Ventilador Torre ",Newell,34264476639,4,,0,,,,,,,,,180672,,,
"1913","Cuchilla Pica Hielo 4 Aspas",Newell,34264487949,4,,0,,,,,,,,,8151,,,
"1914","Cuchilla Pica Hielo 6 aspas",Newell,34264427327,4,,0,,,,,,,,,12437,,,
"1915","Cuchilla Licuadora Xpert",Newell,34264477278,4,,0,,,,,,,,,44118,,,
"1916","Nuevo kit acople",Newell,34264445499,4,,0,,,,,,,,,4202,,,
"1917","Dos Anillo de Goma ",Newell,34264441231,4,,0,,,,,,,,,2941,,,
"1918","Tapa para Vaso de Licuadora ",Newell,34264441194,4,,0,,,,,,,,,7563,,,
"1919","Rosca vaso Licuadora ",Newell,34264441163,4,,0,,,,,,,,,4958,,,
"1920","Vaso de vidrio",Newell,34264000285,4,,0,,,,,,,,,21008,,,
"1921","Vaso de vidrio licuadora Monterrey",Newell,34264445482,4,,0,,,,,,,,,27311,,,
"1922","Tapa vaso vidrio licuadora Monterrey",Newell,34264445512,4,,0,,,,,,,,,5714,,,
"1923","Vaso de  vidrio para licuadora reversible",Newell,34264427310,4,,0,,,,,,,,,34034,,,
"1924","Vaso Plástico",Newell,34264061057,4,,0,,,,,,,,,11345,,,
"1925","Minivaso",Newell,34264061002,4,,0,,,,,,,,,8403,,,
"1926","Vaso Blend & go transparente",Newell,34264477322,4,,0,,,,,,,,,21429,,,
"1927","Vaso de Vidrio Xpert",Newell,34264477285,4,,0,,,,,,,,,73109,,,
"1928","Vaso de Tritan Licuadora Xpert",Newell,34264477292,4,,0,,,,,,,,,68067,,,
"1929","Licuadora Monterrey kiwi",Newell,34264452220,4,,0,,,,,,,,,79832,,,
"1958","Centro de Pierna Porcina ",Compañía Internacional de Alimentos Agropecuarios,carn0001,14,,0,,,,,,,,,14500,,,
"1959","Bola  de Pierna Porcina",Compañía Internacional de Alimentos Agropecuarios,carn0002,14,,0,,,,,,,,,14500,,,
"1960","Bota  de Res Porcina",Compañía Internacional de Alimentos Agropecuarios,carn0003,14,,0,,,,,,,,,14500,,,
"1961","Bola de Pierna Res",Compañía Internacional de Alimentos Agropecuarios,carn0004,14,,0,,,,,,,,,14200,,,
"1962","Bota Pierna  de Res ",Compañía Internacional de Alimentos Agropecuarios,carn0005,14,,0,,,,,,,,,14200,,,
"1963","Cadera",Compañía Internacional de Alimentos Agropecuarios,carn0006,14,,0,,,,,,,,,14200,,,
"1964","Pata de Cerdo Importada ",Compañía Internacional de Alimentos Agropecuarios,carn0007,14,,0,,,,,,,,,3800,,,
"1965","Hamed Punta de Lomo de Cerdo Importado",Compañía Internacional de Alimentos Agropecuarios,carn0008,14,,0,,,,,,,,,6600,,,
"1966","Sirloin- Lomo de Cerdo Importada ",Compañía Internacional de Alimentos Agropecuarios,carn0009,14,,0,,,,,,,,,8700,,,
"1967","Chuleta de Cerdo Importado",Compañía Internacional de Alimentos Agropecuarios,carn0010,14,,0,,,,,,,,,8000,,,
"1968","Puntas de Costilla",Compañía Internacional de Alimentos Agropecuarios,carn0011,14,,0,,,,,,,,,6500,,,
"1969","Costilla de Cerdo",Compañía Internacional de Alimentos Agropecuarios,carn0012,14,,0,,,,,,,,,11500,,,
"1970","Costilla de Cerdo Baby Back",Compañía Internacional de Alimentos Agropecuarios,carn0013,14,,0,,,,,,,,,11500,,,
"1971","Tocino Carnudo",Compañía Internacional de Alimentos Agropecuarios,carn0014,14,,0,,,,,,,,,9800,,,
"1972","Baileys ",Quick,5011013100156,2,,0,,,,,,,,,33740,,,
"1973","Black & White ",Quick,50196135,2,,0,,,,,,,,,22190,,,
"1974","Black & White 375 ml",Quick,50196166,2,,0,,,,,,,,,12775,,,
"1975","Buchanan´s 12 D´Luxe  ",Quick,50196395,2,,0,,,,,,,,,41172,,,
"1976","Buchanan´s D´Luxe",Quick,7707096284361,2,,0,,,,,,,,,69384,,,
"1977","Gordon’s London Dry Gin",Quick,50001289020701,2,,0,,,,,,,,,44731,,,
"1978","J.W Black Label",Quick,5000267024004,2,,0,,,,,,,,,66604,,,
"1979","J.W Black Label ",Quick,502267510,2,,0,,,,,,,,,39782,,,
"1980","J.W Red Label",Quick,5000267014074,2,,0,,,,,,,,,27023,,,
"1981","J.W Red Label",Quick,5000267014609,2,,0,,,,,,,,,17392,,,
"1982","Smirnoff Botella",Quick,5410316961882,2,,0,,,,,,,,,10057,,,
"1983","Whisky Old Parr",Quick,5000281003160,2,,0,,,,,,,,,66454,,,
"1984","Whisky Old Parr ",Quick,5000281005034,2,,0,,,,,,,,,50289,,,
"1985","Ron Medellin Añejo",Quick,7702049100576,2,,0,,,,,,,,,17594,,,
"1987","Cerveza Club Colombia Lata",Quick,7702004004451,2,,0,,,,,,,,,2132,,,
"1988","Cerveza Aguila Lata",Quick,7702004002860,2,,0,,,,,,,,,1725,,,
"1989","Cerveza Aguila Cero Lata ",Quick,7702004002921,2,,0,,,,,,,,,1900,,,
"1990","Cerveza Aguila Light Lata ",Quick,7702004001955,2,,0,,,,,,,,,1981,,,
"1991","Bebida Energizante Red Bull ",Quick,9002490100070,2,,0,,,,,,,,,4000,,,
"1992","Bebida Energizante Red Bull Light",Quick,9002490206666,2,,0,,,,,,,,,4000,,,
"1994","Pollo Bolsa Congelado",Pollos El Bucanero,31652,9,,0,,,,,,,,,8400,,,
"1995","Medio  Pollo  Despresado",Pollos El Bucanero,32602,9,,0,,,,,,,,,4700,,,
"1996","Filete Porción",Pollos El Bucanero,33802,9,,0,,,,,,,,,16100,,,
"1997","Muslo Bandeja Congelado",Pollos El Bucanero,35102,9,,0,,,,,,,,,6700,,,
"1998","Ala Pasaboca BBQ",Pollos El Bucanero,51702,9,,0,,,,,,,,,7000,,,
"1999","Ala Picante Pasaboca",Pollos El Bucanero,51712,9,,0,,,,,,,,,7000,,,
"2000","Alas Finas/Hierbas  Pasabocas",Pollos El Bucanero,51722,9,,0,,,,,,,,,7000,,,
"2001","Alas Miel Mostaza",Pollos El Bucanero,51782,9,,0,,,,,,,,,7200,,,
"2002","Chuzos",Pollos El Bucanero,51802,9,,0,,,,,,,,,20700,,,
"2003","Recorte con Pechuga",Pollos El Bucanero,38652,9,,0,,,,,,,,,3800,,,
"2004","Medio Pollo Campesino",Pollos El Bucanero,32592,9,,0,,,,,,,,,6900,,,
"2005","Pechuga Bandeja #7",Pollos El Bucanero,33072,9,,0,,,,,,,,,7900,,,
"2006","Contramuslo Bandeja",Pollos El Bucanero,36052,9,,0,,,,,,,,,4500,,,
"2007","Bandeja de Pernil",Pollos El Bucanero,34072,9,,0,,,,,,,,,5100,,,
"2008","Minichuzo Bolsa",Pollos El Bucanero,51832,9,,0,,,,,,,,,6303,,,
"2009","Moliexpress",Pollos El Bucanero,42742,9,,0,,,,,,,,,1345,,,
"2010","Moliexpres Napolitana ",Pollos El Bucanero,42022,9,,0,,,,,,,,,1429,,,
"2011","Moliexpres Parrilla ",Pollos El Bucanero,42032,9,,0,,,,,,,,,1429,,,
"2012","Cerveza Heineken",Quick,8712000900663,2,,0,,,,,,,,,3000,,,
"2013","Pañal Huggies Natural Care ",Altipal,7702425535121,11,,0,,,,,,,,,23115,,,
"2014","Pañal Huggies Natural",Altipal,7702425800274,11,,0,,,,,,,,,22002,,,
"2015","Pañal Huggies Natural Care",Altipal,7794626007149,11,,0,,,,,,,,,8748,,,
"2016","Pañal Pants Huggies Up & Go ",Altipal,7751493004619,11,,0,,,,,,,,,19833,,,
"2017","Toallita Húmeda Huggies Active Fresh ",Altipal,7896018700628,11,,0,,,,,,,,,3763,,,
"2018","Toallita Húmeda Huggies Active Fresh",Altipal,7702425551916,11,,0,,,,,,,,,4251,,,
"2019","Toallita Húmeda Huggies One&Done Flip Top",Altipal,7702425803855,11,,0,,,,,,,,,13323,,,
"2026","Papel Higiénico Kleenex Supreme  ",Altipal,7702425547735,11,,0,,,,,,,,,12126,,,
"2027","Papel Higiénico Scott Jumbo ",Altipal,7702425550490,11,,0,,,,,,,,,618,,,
"2028","Papel Higiénico Scott Mega ",Altipal,7702425542600,11,,0,,,,,,,,,10058,,,
"2029","Papel Higiénico Scott Maxi Rollo",Altipal,7702425550612,11,,0,,,,,,,,,12410,,,
"2030","Papel Higiénico Scott Plus Mega ",Altipal,7702425522534,11,,0,,,,,,,,,12182,,,
"2031","Papel Higiénico Scott Rindemax ",Altipal,7702425801233,11,,0,,,,,,,,,3779,,,
"2032","Papel Higiénico Scott Rindemax",Altipal,7702425801240,11,,0,,,,,,,,,3705,,,
"2033","Papel Higiénico Scott Jumbo ",Altipal,7702425550568,11,,0,,,,,,,,,2971,,,
"2034","Papel Higiénico Scott Jumbo ",Altipal,7702425550643,11,,0,,,,,,,,,8733,,,
"2035","Papel Higiénico Scott Jumbo",Altipal,7702425550537,11,,0,,,,,,,,,9203,,,
"2036","Papel Higiénico Scott Rindemax",Altipal,7702425801769,11,,0,,,,,,,,,995,,,
"2041","Huevos Santa Anita Tipo A Rojo",Santa Anita Nápoles,7706772100513,6,,0,,,,,,,,,8400,,,
"2042","Huevo Santa Anita  Rojo ",Santa Anita Nápoles,7706772100506,6,,0,,,,,,,,,8800,,,
"2043","Huevos Santa Anita Anita Rojo ",Santa Anita Nápoles,7706772100520,6,,0,,,,,,,,,8000,,,
"2044","Huevos Santa Anita Rojo",Santa Anita Nápoles,7706772301019,6,,0,,,,,,,,,4800,,,
"2045","Huevos Santa Anita Rojo",Santa Anita Nápoles,7706772201012,6,,0,,,,,,,,,4960,,,
"2046","Aceite de Soya Bonlife ",Organización Cardenas,bonl0001,7,,0,,,,,,,,,3893,,,
"2047","Aceite de Soya Bonlife",Organización Cardenas,bonl0002,7,,0,,,,,,,,,7724,,,
"2048","Aceite de Soya Bonlife",Organización Cardenas,bonl0003,7,,0,,,,,,,,,1235,,,
"2049","Aceite de Soya Bonlife",Organización Cardenas,bonl0004,7,,0,,,,,,,,,11453,,,
"2050","Aceite de Soya  Bonlife",Organización Cardenas,bonl0005,7,,0,,,,,,,,,18869,,,
"2051","Aceite de Soya Bonlife ",Organización Cardenas,bonl0006,7,,0,,,,,,,,,2110,,,
"2052","Aceite de Soya Bonlife Bidón  ",Organización Cardenas,bonl0007,7,,0,,,,,,,,,68745,,,
"2053","Aceite Vegetal Sabrosoni Soya",Organización Cardenas,sabr0001,7,,0,,,,,,,,,729,,,
"2054","Aceite Vegetal Sabrosoni ",Organización Cardenas,sabr0002,7,,0,,,,,,,,,7021,,,
"2055","Aceite Vegetal Sabrosoni",Organización Cardenas,sabr0003,7,,0,,,,,,,,,1147,,,
"2056","Aceite Vegetal Sabrosoni",Organización Cardenas,sabr0004,7,,0,,,,,,,,,10411,,,
"2057","Aceite Vegetal Sabrosoni ",Organización Cardenas,sabr0005,7,,0,,,,,,,,,17153,,,
"2058","Aceite Vegetal  Sabrosoni",Organización Cardenas,sabr0006,7,,0,,,,,,,,,1919,,,
"2059","Aceite Vegetal Sabrosoni",Organización Cardenas,sabr0007,7,,0,,,,,,,,,3538,,,
"2060","Arroz Blanco Maritza ",Organización Cardenas,mari0001,7,,0,,,,,,,,,1167,,,
"2061","Arveja Maritza  Aamarilla",Organización Cardenas,mari0002,7,,0,,,,,,,,,18311,,,
"2062","Arveja  Maritza Amarilla  ",Organización Cardenas,mari0003,7,,0,,,,,,,,,801,,,
"2063","Arveja Maritza Verdeseca ",Organización Cardenas,mari0004,7,,0,,,,,,,,,23391,,,
"2065","Atun Mediterraneo Lomito Aceite",Organización Cardenas,medi0001,7,,0,,,,,,,,,3164,,,
"2066","Atún Mediterraneo Lomito Agua ",Organización Cardenas,medi0002,7,,0,,,,,,,,,3038,,,
"2067","Atún Mediterraneo Rallado Aceite ",Organización Cardenas,medi0003,7,,0,,,,,,,,,1856,,,
"2070","Avena Instantánea de la  Abuela Arequipe",Organización Cardenas,abue0003,7,,0,,,,,,,,,1470,,,
"2071","Avena Instantánea de la Abuela Fresa",Organización Cardenas,abue0004,7,,0,,,,,,,,,1470,,,
"2072","Avena Instantánea de la  Abuela Vainilla",Organización Cardenas,abue0005,7,,0,,,,,,,,,1470,,,
"2073","Avena Molida de la  Abuela  ",Organización Cardenas,abue0006,7,,0,,,,,,,,,1199,,,
"2074","Avena Molida de la  Abuela  ",Organización Cardenas,abue0007,7,,0,,,,,,,,,2277,,,
"2075","Buñuelos de la  Abuela ",Organización Cardenas,abue0008,8,,0,,,,,,,,,3153,,,
"2076","Cebada Perlada de la  Abuela  ",Organización Cardenas,abue0009,7,,0,,,,,,,,,1308,,,
"2078","Croquetas Superdog Adulto 800gr",Organización Cardenas,osup0001,8,,0,,,,,,,,,1751,,,
"2079","Croquetas Superdog Adulto 30Kg",Organización Cardenas,osup0002,8,,0,,,,,,,,,62460,,,
"2080","Cuchuco de Cebada de la  Abuela  ",Organización Cardenas,abue0015,8,,0,,,,,,,,,1308,,,
"2081","Cuchuco de Maiz de la  Abuela ",Organización Cardenas,abue0016,8,,0,,,,,,,,,948,,,
"2082","Cuchuco de Trigo de la  Abuela  ",Organización Cardenas,abue0017,8,,0,,,,,,,,,948,,,
"2083","Fécula de la  Abuela  ",Organización Cardenas,abue0018,8,,0,,,,,,,,,2678,,,
"2084","Fecula de la  Abuela Arequipe",Organización Cardenas,abue0019,8,,0,,,,,,,,,2678,,,
"2085","Fecula de la Abuela Fresa ",Organización Cardenas,abue0020,8,,0,,,,,,,,,2678,,,
"2086","Fecula de la Abuela Vainilla ",Organización Cardenas,abue0021,8,,0,,,,,,,,,2678,,,
"2087","Frijol Maritza Bola Roja 12,5 Kg",Organización Cardenas,mari0006,8,,0,,,,,,,,,85260,,,
"2088","Frijol Maritza Bola Roja 500 gr",Organización Cardenas,mari0007,8,,0,,,,,,,,,3611,,,
"2089","Frijol Maritza Cargamento  12,5 Kg",Organización Cardenas,mari0008,8,,0,,,,,,,,,79660,,,
"2090","Replica - Air pods",Grupo CJR,aud0001,5,,0,,,,,,,,,240000,,,